{
  "layer_r2": {
    "0": -2.6645352591003757e-15,
    "1": 0.9999990887458802,
    "2": 0.999999960049902,
    "3": 0.9999999899165154,
    "4": 0.9999999891396589,
    "5": 0.9999999920063719,
    "6": 0.9999999978605767,
    "7": 0.9999999975288294,
    "8": 0.9999999988713837,
    "9": 0.9999999997415783,
    "10": 0.9999999999002525,
    "11": 0.9999999999355874,
    "12": 0.9999999999008321,
    "13": 0.9999999999266437,
    "14": 0.9999999999768112,
    "15": 0.9999999999831398,
    "16": 0.999999999923698,
    "17": 0.9999999999262325,
    "18": 0.9999999999558173,
    "19": 0.9999999999687882,
    "20": 0.99999999994078,
    "21": 0.9999999998299038,
    "22": 0.9999999998941979,
    "23": 0.9999999998660433,
    "24": 0.9999999995489438,
    "25": 0.9999999999287862,
    "26": 0.9999999997745047,
    "27": 0.9999999999403429,
    "28": 0.9999999997531681,
    "29": 0.9999999998624421,
    "30": 0.9999999994173598,
    "31": 0.999999999904506
  },
  "top_layers": [
    15,
    14,
    19,
    18
  ],
  "mediation_results": {
    "15": {
      "mean": 0.0,
      "sem": NaN,
      "n": 1
    },
    "14": {
      "mean": 0.0,
      "sem": NaN,
      "n": 1
    },
    "19": {
      "mean": 0.0,
      "sem": NaN,
      "n": 1
    },
    "18": {
      "mean": 0.0,
      "sem": NaN,
      "n": 1
    }
  }
}